"First Name","Last Name","Age","Email","Phone"
"Henry","Cunningham","25","h.cunningham@randatmail.com","190-5458-78"
"Aida","Farrell","18","a.farrell@randatmail.com","954-7362-45"
"Brianna","Morrison","22","b.morrison@randatmail.com","804-1544-76"
"Tara","Myers","28","t.myers@randatmail.com","987-1997-81"
"Lucy","Moore","19","l.moore@randatmail.com","115-3827-85"
"Kevin","Kelley","23","k.kelley@randatmail.com","498-6477-48"
"Evelyn","Payne","23","e.payne@randatmail.com","454-1076-47"
"Mary","Rogers","19","m.rogers@randatmail.com","581-9013-73"
"Connie","Gray","18","c.gray@randatmail.com","204-2347-09"
"Savana","Jones","19","s.jones@randatmail.com","350-7913-87"
"Aldus","Alexander","23","a.alexander@randatmail.com","051-0962-83"
"Michael","Thomas","19","m.thomas@randatmail.com","743-7507-48"
"Julian","Ellis","20","j.ellis@randatmail.com","624-7692-67"
"Olivia","Chapman","22","o.chapman@randatmail.com","769-7215-67"
"Adison","Perry","23","a.perry@randatmail.com","506-1423-15"
"Brad","Edwards","27","b.edwards@randatmail.com","782-2136-57"
"Sophia","Mason","24","s.mason@randatmail.com","978-4919-90"
"Edgar","Morris","29","e.morris@randatmail.com","887-8417-98"
"Julia","Anderson","26","j.anderson@randatmail.com","740-7702-08"
"Tiana","Hawkins","21","t.hawkins@randatmail.com","550-6958-11"
"Melanie","Armstrong","25","m.armstrong@randatmail.com","816-3676-93"
"Edgar","Mason","26","e.mason@randatmail.com","218-4240-59"
"Frederick","Hamilton","29","f.hamilton@randatmail.com","239-7621-15"
"Tyler","Perry","30","t.perry@randatmail.com","492-2978-20"
"Alexia","Lloyd","22","a.lloyd@randatmail.com","503-6456-76"
"Aida","Watson","28","a.watson@randatmail.com","721-7425-18"
"Daryl","Wells","18","d.wells@randatmail.com","033-5919-22"
"Oscar","Harper","25","o.harper@randatmail.com","668-3439-61"
"Melanie","Ferguson","19","m.ferguson@randatmail.com","965-5117-41"
"Kate","Davis","21","k.davis@randatmail.com","096-3573-36"
"George","Scott","26","g.scott@randatmail.com","458-7293-78"
"Kevin","Adams","18","k.adams@randatmail.com","109-5524-47"
"Tiana","Elliott","29","t.elliott@randatmail.com","486-3709-49"
"Paul","Craig","18","p.craig@randatmail.com","449-3991-55"
"Lyndon","Davis","19","l.davis@randatmail.com","009-9613-53"
"Adele","Stewart","29","a.stewart@randatmail.com","578-0049-57"
"Stella","Harper","18","s.harper@randatmail.com","453-5184-70"
"Fenton","Allen","29","f.allen@randatmail.com","328-2001-48"
"Steven","Russell","29","s.russell@randatmail.com","482-0185-89"
"James","Morris","21","j.morris@randatmail.com","670-4989-84"
"Ellia","Adams","25","e.adams@randatmail.com","494-9677-06"
"Bruce","Hill","30","b.hill@randatmail.com","161-4369-49"
"Oscar","Turner","26","o.turner@randatmail.com","481-1415-45"
"Ryan","Scott","28","r.scott@randatmail.com","135-7595-29"
"Henry","Hamilton","19","h.hamilton@randatmail.com","585-0878-76"
"Vincent","Elliott","24","v.elliott@randatmail.com","792-7021-46"
"Walter","Armstrong","21","w.armstrong@randatmail.com","341-8471-15"
"Spike","Stevens","27","s.stevens@randatmail.com","547-4764-51"
"Cadie","Stewart","26","c.stewart@randatmail.com","073-8674-45"
"Jack","Morris","20","j.morris@randatmail.com","957-2242-23"
"Kellan","Morrison","29","k.morrison@randatmail.com","886-2136-13"
"Miranda","Elliott","29","m.elliott@randatmail.com","518-7500-51"
"Brooke","Williams","19","b.williams@randatmail.com","945-1652-53"
"Byron","Riley","18","b.riley@randatmail.com","941-2131-95"
"Jasmine","Douglas","23","j.douglas@randatmail.com","581-8459-71"
"Myra","Parker","24","m.parker@randatmail.com","074-5016-39"
"Gianna","Sullivan","25","g.sullivan@randatmail.com","804-9796-80"
"Nicholas","Farrell","30","n.farrell@randatmail.com","214-3375-35"
"Kelsey","Sullivan","26","k.sullivan@randatmail.com","823-3100-41"
"Oscar","Farrell","27","o.farrell@randatmail.com","382-1787-96"
"Emily","Bennett","22","e.bennett@randatmail.com","981-2865-33"
"Alisa","Montgomery","23","a.montgomery@randatmail.com","030-6199-35"
"Nicholas","Carroll","24","n.carroll@randatmail.com","188-6016-90"
"Rubie","Richardson","28","r.richardson@randatmail.com","396-7916-04"
"Annabella","Campbell","19","a.campbell@randatmail.com","287-9226-27"
"Kristian","Foster","24","k.foster@randatmail.com","605-9731-49"
"Elian","Dixon","19","e.dixon@randatmail.com","996-9667-95"
"Tess","Russell","24","t.russell@randatmail.com","352-5485-44"
"Ryan","Barnes","20","r.barnes@randatmail.com","439-6522-67"
"Daisy","Hall","25","d.hall@randatmail.com","485-6452-76"
"Elian","Phillips","26","e.phillips@randatmail.com","351-1540-88"
"Reid","Robinson","22","r.robinson@randatmail.com","481-4792-76"
"Alina","Cunningham","30","a.cunningham@randatmail.com","693-5124-41"
"Alberta","Harper","26","a.harper@randatmail.com","058-0465-39"
"Sophia","Barrett","24","s.barrett@randatmail.com","856-4510-52"
"Dominik","Barrett","19","d.barrett@randatmail.com","574-3198-65"
"Jordan","Grant","27","j.grant@randatmail.com","594-8587-39"
"Ellia","Morrison","19","e.morrison@randatmail.com","024-8551-12"
"Amy","Adams","27","a.adams@randatmail.com","117-7904-79"
"Alexander","Morrison","29","a.morrison@randatmail.com","942-3405-41"
"Annabella","Wilson","30","a.wilson@randatmail.com","405-6378-77"
"Edith","Richards","30","e.richards@randatmail.com","493-7991-48"
"Briony","Johnson","18","b.johnson@randatmail.com","317-5763-83"
"Gianna","Higgins","27","g.higgins@randatmail.com","893-8317-20"
"Lydia","Dixon","28","l.dixon@randatmail.com","438-2328-94"
"Cherry","Montgomery","20","c.montgomery@randatmail.com","430-9461-96"
"George","Hunt","18","g.hunt@randatmail.com","993-8884-05"
"Mike","Allen","26","m.allen@randatmail.com","357-3545-03"
"Reid","Scott","18","r.scott@randatmail.com","075-0192-34"
"Alexander","Brown","28","a.brown@randatmail.com","834-8807-26"
"Maddie","Craig","20","m.craig@randatmail.com","105-2315-50"
"Robert","Morgan","28","r.morgan@randatmail.com","784-8373-80"
"George","Johnson","29","g.johnson@randatmail.com","061-5672-89"
"Sarah","Alexander","27","s.alexander@randatmail.com","192-8547-12"
"Camila","Ross","24","c.ross@randatmail.com","208-2783-19"
"Vivian","Elliott","18","v.elliott@randatmail.com","949-2275-04"
"Spike","Morris","18","s.morris@randatmail.com","034-6014-00"
"Audrey","Gibson","27","a.gibson@randatmail.com","972-6327-10"
"Connie","Henderson","22","c.henderson@randatmail.com","841-7830-70"
"Amy","Harper","27","a.harper@randatmail.com","634-7905-18"
"Mary","Anderson","27","m.anderson@randatmail.com","789-0679-33"
"Ryan","Warren","26","r.warren@randatmail.com","193-3298-14"
"Jasmine","Bennett","19","j.bennett@randatmail.com","362-7542-09"
"David","Allen","27","d.allen@randatmail.com","870-0420-93"
"Henry","Myers","28","h.myers@randatmail.com","862-4505-08"
"Arnold","Payne","28","a.payne@randatmail.com","046-3753-77"
"Emily","Warren","30","e.warren@randatmail.com","704-1738-71"
"William","Nelson","21","w.nelson@randatmail.com","320-6870-59"
"Aston","Bailey","30","a.bailey@randatmail.com","692-6433-49"
"Florrie","Rogers","25","f.rogers@randatmail.com","323-5923-04"
"Jack","Mitchell","24","j.mitchell@randatmail.com","740-6541-50"
"Sophia","Parker","27","s.parker@randatmail.com","374-9141-16"
"Edgar","Andrews","28","e.andrews@randatmail.com","859-3070-20"
"Byron","Clark","19","b.clark@randatmail.com","245-9457-51"
"Ryan","Alexander","21","r.alexander@randatmail.com","525-9874-95"
"April","Davis","23","a.davis@randatmail.com","890-2534-79"
"Victor","Ellis","21","v.ellis@randatmail.com","168-6376-95"
"Paige","Bennett","27","p.bennett@randatmail.com","894-7688-13"
"Steven","Tucker","19","s.tucker@randatmail.com","618-8861-16"
"James","Owens","26","j.owens@randatmail.com","248-6939-82"
"Lana","Wells","22","l.wells@randatmail.com","547-6186-83"
"Haris","Grant","27","h.grant@randatmail.com","793-2901-44"
"Chelsea","Williams","29","c.williams@randatmail.com","213-8673-30"
"Connie","Chapman","28","c.chapman@randatmail.com","915-5342-14"
"Natalie","Harrison","21","n.harrison@randatmail.com","669-5913-44"
"Aiden","Murphy","20","a.murphy@randatmail.com","360-5259-10"
"Violet","Fowler","24","v.fowler@randatmail.com","357-1992-10"
"Grace","Howard","29","g.howard@randatmail.com","602-8119-12"
"Vincent","Johnson","24","v.johnson@randatmail.com","006-5771-75"
"Tess","Campbell","25","t.campbell@randatmail.com","353-4095-59"
"Jack","Carroll","23","j.carroll@randatmail.com","832-2955-00"
"Steven","Cooper","18","s.cooper@randatmail.com","148-1139-57"
"Lana","Taylor","23","l.taylor@randatmail.com","590-7944-19"
"Richard","Elliott","28","r.elliott@randatmail.com","463-7917-28"
"Nicholas","Bennett","25","n.bennett@randatmail.com","378-5851-64"
"Owen","Hunt","24","o.hunt@randatmail.com","222-5679-33"
"Frederick","Roberts","18","f.roberts@randatmail.com","096-8235-62"
"Myra","Gray","20","m.gray@randatmail.com","354-3811-50"
"Aiden","West","24","a.west@randatmail.com","039-7870-25"
"Dominik","Kelly","20","d.kelly@randatmail.com","899-1944-47"
"Cadie","Baker","30","c.baker@randatmail.com","317-7873-32"
"Jordan","Howard","27","j.howard@randatmail.com","401-0076-87"
"Natalie","Thomas","27","n.thomas@randatmail.com","468-5937-47"
"Kevin","Hawkins","25","k.hawkins@randatmail.com","792-6299-71"
"David","Carter","25","d.carter@randatmail.com","113-4844-08"
"Lucy","Armstrong","29","l.armstrong@randatmail.com","729-6618-76"
"Stuart","West","23","s.west@randatmail.com","239-1139-51"
"Hailey","Alexander","29","h.alexander@randatmail.com","570-9469-11"
"Roland","Ryan","19","r.ryan@randatmail.com","888-6502-80"
"Alissa","Cameron","21","a.cameron@randatmail.com","377-7858-33"
"Arnold","Douglas","21","a.douglas@randatmail.com","941-2882-25"
"Sienna","Myers","26","s.myers@randatmail.com","630-9722-69"
"Tara","Riley","24","t.riley@randatmail.com","593-2253-85"
"Evelyn","Chapman","25","e.chapman@randatmail.com","523-6169-98"
"Lenny","Wilson","22","l.wilson@randatmail.com","723-9120-64"
"Naomi","Howard","20","n.howard@randatmail.com","663-6908-49"
"John","Spencer","22","j.spencer@randatmail.com","880-5599-20"
"Daisy","Roberts","22","d.roberts@randatmail.com","711-9128-49"
"Walter","Sullivan","29","w.sullivan@randatmail.com","386-3288-05"
"Stella","Miller","28","s.miller@randatmail.com","409-5313-70"
"Cherry","Johnston","28","c.johnston@randatmail.com","885-5000-17"
"Lyndon","Ellis","25","l.ellis@randatmail.com","898-3523-77"
"Miller","Mason","24","m.mason@randatmail.com","944-6829-06"
"Abraham","Higgins","18","a.higgins@randatmail.com","799-6692-13"
"Sofia","Cooper","19","s.cooper@randatmail.com","112-7268-72"
"Alisa","Warren","20","a.warren@randatmail.com","407-9538-69"
"Tara","Murray","18","t.murray@randatmail.com","529-0257-02"
"Roman","Nelson","21","r.nelson@randatmail.com","473-2663-14"
"George","Howard","19","g.howard@randatmail.com","949-8135-21"
"Eddy","Perry","21","e.perry@randatmail.com","476-5233-11"
"Michael","Jones","21","m.jones@randatmail.com","931-9742-07"
"Dominik","Ferguson","27","d.ferguson@randatmail.com","921-3331-28"
"Kelvin","Smith","30","k.smith@randatmail.com","714-1500-03"
"Henry","Anderson","25","h.anderson@randatmail.com","535-5277-13"
"Hailey","Higgins","20","h.higgins@randatmail.com","761-8998-20"
"Tony","Farrell","29","t.farrell@randatmail.com","344-1198-57"
"Charlie","Thomas","25","c.thomas@randatmail.com","567-4456-82"
"Emily","Ellis","29","e.ellis@randatmail.com","271-0661-40"
"Walter","Scott","26","w.scott@randatmail.com","395-4135-80"
"Robert","Armstrong","18","r.armstrong@randatmail.com","424-2544-06"
"Adam","Bailey","30","a.bailey@randatmail.com","198-2081-95"
"Michael","Evans","26","m.evans@randatmail.com","016-8562-94"
"Leonardo","Chapman","26","l.chapman@randatmail.com","766-8901-81"
"Roman","Barnes","28","r.barnes@randatmail.com","231-6712-00"
"Adelaide","Perkins","22","a.perkins@randatmail.com","719-3779-78"
"Chelsea","Perkins","30","c.perkins@randatmail.com","631-5670-33"
"Jared","Craig","22","j.craig@randatmail.com","135-9410-61"
"Jessica","Edwards","23","j.edwards@randatmail.com","931-7505-84"
"Alexia","Harper","20","a.harper@randatmail.com","686-0398-13"
"Adison","Gray","28","a.gray@randatmail.com","817-9359-13"
"Ted","Kelley","22","t.kelley@randatmail.com","656-5214-41"
"Carl","Howard","30","c.howard@randatmail.com","489-7538-15"
"Garry","Sullivan","18","g.sullivan@randatmail.com","406-9456-03"
"Daniel","Tucker","19","d.tucker@randatmail.com","700-5791-49"
"Rafael","Grant","25","r.grant@randatmail.com","400-1978-35"
"Roman","Hill","26","r.hill@randatmail.com","122-5797-51"
"Daniel","Adams","21","d.adams@randatmail.com","401-6929-02"
"Arianna","Casey","30","a.casey@randatmail.com","576-0997-37"
"Eleanor","Johnston","20","e.johnston@randatmail.com","504-2145-86"
"Thomas","Foster","19","t.foster@randatmail.com","460-5652-14"
